{"cameraMode":{"drawMode":0,"name":"Shaded","section":"Shading Mode"},"sceneLighting":true,"audioPlay":false,"sceneViewState":{"m_AlwaysRefresh":false,"showFog":true,"showSkybox":true,"showFlares":true,"showImageEffects":true,"showParticleSystems":true,"showVisualEffectGraphs":true,"m_FxEnabled":true},"in2DMode":false,"pivot":{"x":-23.100000381469728,"y":1.4000000953674317,"z":157.27000427246095},"rotation":{"x":0.15227289497852326,"y":-0.3253978490829468,"z":0.053180862218141559,"w":0.9317240715026856},"size":60.59980010986328,"orthographic":true}